,Math,Science,English,Attendance
count,200.0,200.0,200.0,200.0
mean,69.325,68.165,72.87,75.36725
std,17.39026976248673,19.00536224253169,15.464762994380541,14.149397200701381
min,40.0,35.0,45.0,50.13
25%,54.0,53.0,60.0,63.519999999999996
50%,68.5,67.0,73.0,75.625
75%,83.0,86.0,85.0,87.2775
max,99.0,99.0,99.0,99.8
